id,authors,year,title,journal,volume/pages,DOI,URL,open_access,local_file,claim_area,sample/design,key finding,limitations,verified
1,"Bruffaerts, R., Mortier, P., Kiekens, G., Auerbach, R. P., Cuijpers, P., Demyttenaere, K., Green, J. G., Nock, M. K., & Kessler, R. C.",2018,Mental health problems in college freshmen: Prevalence and academic functioning,Journal of Affective Disorders,"225, 97–103",10.1016/j.jad.2017.07.044,https://doi.org/10.1016/j.jad.2017.07.044,yes,Bruffaerts_2018_FreshmenMentalHealth.pdf,a. Prevalence and burden,"Web survey, WMH-ICS; n = 4,921 first-year students, KU Leuven (Belgium)","About one in three KU Leuven freshmen reported a 12-month mental health problem, and these problems were linked to a 2.9–4.7% lower academic year percentage (0.2–0.3 GPA points).",Cross-sectional; self-report screening; no data on prior secondary-school performance; causality not established (authors).,yes
2,"Auerbach, R. P., Mortier, P., Bruffaerts, R., Alonso, J., Benjet, C., Cuijpers, P., Demyttenaere, K., Ebert, D. D., Green, J. G., Hasking, P., Murray, E., Nock, M. K., Pinder-Amaker, S., Sampson, N. A., Stein, D. J., Vilagut, G., Zaslavsky, A. M., & Kessler, R. C., on behalf of the WHO WMH-ICS Collaborators",2018,WHO World Mental Health Surveys International College Student Project: Prevalence and distribution of mental disorders,Journal of Abnormal Psychology,"127(7), 623–638",10.1037/abn0000362,https://doi.org/10.1037/abn0000362,yes,Auerbach_2018_WMHICSPrevalence.pdf,a. Prevalence and burden,"Web surveys in 19 colleges, 8 countries incl. Belgium; n = 13,984 full-time first-year students; 45.5% pooled response rate",35% screened positive for at least one lifetime and 31% for at least one 12-month common mental disorder.,"Screening scales, not clinical diagnosis; under half of invited students responded; correlates were modest (authors).",yes
3,"Auerbach, R. P., Alonso, J., Axinn, W. G., Cuijpers, P., Ebert, D. D., Green, J. G., Hwang, I., Kessler, R. C., Liu, H., Mortier, P., Nock, M. K., Pinder-Amaker, S., Sampson, N. A., Aguilar-Gaxiola, S., Al-Hamzawi, A., Andrade, L. H., Benjet, C., Caldas-de-Almeida, J. M., Demyttenaere, K., . . . Bruffaerts, R.",2016,Mental disorders among college students in the World Health Organization World Mental Health Surveys,Psychological Medicine,"46(14), 2955–2970",10.1017/S0033291716001665,https://doi.org/10.1017/S0033291716001665,yes,Auerbach_2016_WMHCollegeStudents.pdf,a. Prevalence and burden,"WHO WMH household surveys, 21 countries; n = 1,572 college students vs 4,178 non-students aged 18–22 (CIDI interviews)","20.3% of college students had a 12-month disorder, 83.1% of these began before entering college, and only 16.4% received any professional care for it in the past year.",Older data pooled across very different countries; student subsample modest; interview-based estimates (authors' design).,yes
4,"Mason, A., Rapsey, C., Sampson, N., Lee, S., Albor, Y., Al-Hadi, A. N., Alonso, J., Al-Saud, N., Altwaijri, Y., Andersson, C., Atwoli, L., Auerbach, R. P., Ayuya, C., Báez-Mansur, P. M., Ballester, L., Bantjes, J., Baumeister, H., Bendtsen, M., Benjet, C., . . . Bruffaerts, R.",2025,"Prevalence, age-of-onset, and course of mental disorders among 72,288 first-year university students from 18 countries in the World Mental Health International College Student (WMH-ICS) initiative",Journal of Psychiatric Research,"183, 225–236",10.1016/j.jpsychires.2025.02.016,https://doi.org/10.1016/j.jpsychires.2025.02.016,yes,Mason_2025_WMHICS72288.pdf,a. Prevalence and burden,"Online screening surveys 2017–2023; n = 72,288 first-year students, 77 universities, 18 countries; weighted response rate 20.8%",65.2% screened positive for a lifetime and 57.4% for a 12-month mental disorder (DSM-5 screening scales).,Authors state prevalence may be overestimated because of the low response rate and possible screening-scale miscalibration.,yes
5,"Nuijen, J., Busch, M., Winkens, K., Verweij, A., Dopmeijer, J., Buijs, M., Korteling, S., Boekee, R., Smits, R., & van den Brink, C.",2025,Monitor Mentale gezondheid en Middelengebruik Studenten hbo en wo 2025 (RIVM-rapport 2025-0106),Rijksinstituut voor Volksgezondheid en Milieu (RIVM) & Trimbos-instituut,"Report 2025-0106, 138 pp.",10.21945/RIVM-2025-0106,https://doi.org/10.21945/RIVM-2025-0106,yes,Nuijen_2025_MonitorStudentenHboWo.pdf,a. Prevalence and burden,"National online survey, spring 2025; n = 27,446 students at 23 Dutch institutions (12 hbo, 11 wo); 5.9% of the 466,313 enrolled students took part","Five of ten mental health measures improved since 2021, yet only 23% of students were flourishing, and 53% of students with psychological problems who did not seek support within their institution said they preferred to solve problems themselves.",Very low participation (5.9%); self-report; repeated cross-sections rather than following the same students; most improvements were small (authors).,yes
6,"Abraham, A., Chaabna, K., Sheikh, J. I., Mamtani, R., Jithesh, A., Khawaja, S., & Cheema, S.",2024,Burnout increased among university students during the COVID-19 pandemic: A systematic review and meta-analysis,Scientific Reports,"14, 2569",10.1038/s41598-024-52923-6,https://doi.org/10.1038/s41598-024-52923-6,yes,Abraham_2024_StudentBurnoutCOVID.pdf,a. Prevalence and burden,"Systematic review and meta-analysis; 44 studies, 26,500 university students, pandemic period","Pooled prevalence was 56.3% for high emotional exhaustion, 55.3% for high cynicism and 41.8% for low personal accomplishment.",Pandemic-period data only; substantial heterogeneity; certainty of evidence rated moderate (authors).,yes
7,"Hara, Y., Furuta, S., Sukegawa, A., Fujimaki, K., & Hisano, S.",2026,Systematic review of student burnout instruments: No measures currently meet COSMIN standards for recommendation,BMC Psychology,"14, 964",10.1186/s40359-026-04570-x,https://doi.org/10.1186/s40359-026-04570-x,yes,Hara_2026_StudentBurnoutInstruments.pdf,a. Prevalence and burden,"COSMIN systematic review; 44 studies, 33 self-report student burnout measures",No student burnout questionnaire met COSMIN criteria for recommendation: 10 were rated 'recommend against' and 23 'no conclusion'.,Review of measurement quality only; does not estimate prevalence.,yes
8,"Ebert, D. D., Mortier, P., Kaehlke, F., Bruffaerts, R., Baumeister, H., Auerbach, R. P., Alonso, J., Vilagut, G., Martínez, K. U., Lochner, C., Cuijpers, P., Kuechler, A.-M., Green, J., Hasking, P., Lapsley, C., Sampson, N. A., & Kessler, R. C., on behalf of the WHO World Mental Health–International College Student Initiative collaborators",2019,Barriers of mental health treatment utilization among first-year college students: First cross-national results from the WHO World Mental Health International College Student Initiative,International Journal of Methods in Psychiatric Research,"28(2), e1782",10.1002/mpr.1782,https://doi.org/10.1002/mpr.1782,yes,Ebert_2019_BarriersTreatmentStudents.pdf,"b. Help-seeking, stigma and barriers","WMH-ICS web surveys; n = 13,984 first-year students, 8 countries incl. Belgium",Only 24.6% said they would definitely seek help for a future emotional problem; the most common reasons not to were wanting to handle it alone (56.4%) and preferring to talk to friends or family (48.0%).,"Help-seeking intention, not observed behaviour; self-report (authors call for experimental research).",yes
9,"Gulliver, A., Griffiths, K. M., & Christensen, H.",2010,Perceived barriers and facilitators to mental health help-seeking in young people: A systematic review,BMC Psychiatry,"10, 113",10.1186/1471-244X-10-113,https://doi.org/10.1186/1471-244X-10-113,yes,Gulliver_2010_HelpSeekingBarriers.pdf,"b. Help-seeking, stigma and barriers","Systematic review; 22 studies (15 qualitative, 7 quantitative) of adolescents and young adults","Young people named stigma and embarrassment, difficulty recognising symptoms, and a preference for self-reliance as the main barriers to seeking help.","Small, mostly qualitative evidence base; facilitators under-researched (authors); not student-specific.",yes
10,"Clement, S., Schauman, O., Graham, T., Maggioni, F., Evans-Lacko, S., Bezborodovs, N., Morgan, C., Rüsch, N., Brown, J. S. L., & Thornicroft, G.",2015,What is the impact of mental health-related stigma on help-seeking? A systematic review of quantitative and qualitative studies,Psychological Medicine,"45(1), 11–27",10.1017/S0033291714000129,https://doi.org/10.1017/S0033291714000129,no,"paywalled, not downloaded","b. Help-seeking, stigma and barriers","Systematic review; 144 studies, 90,189 participants","Stigma had a small-to-moderate negative association with help-seeking (median d = −0.27) and ranked fourth among barriers, with youth among the groups most deterred.",Mixed study designs; searches to 2011; not student-specific.,yes
11,"Lindsay, J. A. B., McGowan, N. M., King, N., Rivera, D., Li, M., Byun, J., Cunningham, S., Saunders, K. E. A., & Duffy, A.",2022,"Psychological predictors of insomnia, anxiety and depression in university students: Potential prevention targets",BJPsych Open,"8(3), e86",10.1192/bjo.2022.48,https://doi.org/10.1192/bjo.2022.48,yes,Lindsay_2022_InsomniaPredictorsStudents.pdf,c. Sleep and activity as early indicators,"Longitudinal surveys at entry and end of first year; two cohorts at Queen's University, Canada (n = 1,519 and n = 860)","Insomnia symptoms at university entry predicted depressive (β = 0.15) and anxiety (β = 0.16) symptoms at year end, after controlling for baseline symptoms.","Self-report; self-selected sample, more female (74% vs 58%), cisgender only; attrition in cohort 2 during COVID-19 (authors).",yes
12,"Hertenstein, E., Feige, B., Gmeiner, T., Kienzler, C., Spiegelhalder, K., Johann, A., Jansson-Fröjmark, M., Palagini, L., Rücker, G., Riemann, D., & Baglioni, C.",2019,Insomnia as a predictor of mental disorders: A systematic review and meta-analysis,Sleep Medicine Reviews,"43, 96–105",10.1016/j.smrv.2018.10.006,https://doi.org/10.1016/j.smrv.2018.10.006,no,"paywalled, not downloaded",c. Sleep and activity as early indicators,"Meta-analysis of 13 longitudinal studies, follow-up ≥ 12 months","Insomnia at baseline predicted later onset of depression (OR 2.83, 10 studies) and anxiety (OR 3.23, 6 studies).","Few studies per outcome, wide confidence intervals, moderate risk of bias (authors); general population, not students.",yes
13,"Schuch, F. B., Vancampfort, D., Firth, J., Rosenbaum, S., Ward, P. B., Silva, E. S., Hallgren, M., Ponce De Leon, A., Dunn, A. L., Deslandes, A. C., Fleck, M. P., Carvalho, A. F., & Stubbs, B.",2018,Physical activity and incident depression: A meta-analysis of prospective cohort studies,American Journal of Psychiatry,"175(7), 631–648",10.1176/appi.ajp.2018.17111194,https://doi.org/10.1176/appi.ajp.2018.17111194,yes,Schuch_2018_PhysicalActivityDepression.pdf,c. Sleep and activity as early indicators,"Meta-analysis of 49 prospective cohort studies, N = 266,939",People with high physical activity had lower odds of developing depression than those with low activity (adjusted OR 0.83; youths 0.90).,"Observational, so causality is not established; publication bias detected, although adjustment did not change the estimate (authors).",yes
14,"Scott, A. J., Webb, T. L., Martyn-St James, M., Rowse, G., & Weich, S.",2021,Improving sleep quality leads to better mental health: A meta-analysis of randomised controlled trials,Sleep Medicine Reviews,"60, 101556",10.1016/j.smrv.2021.101556,https://doi.org/10.1016/j.smrv.2021.101556,yes,"Scott_2021_SleepQualityMentalHealth.pdf (open access, not downloaded: see NOTES.md)",c. Sleep and activity as early indicators,"Meta-analysis of 65 RCTs (72 interventions), N = 8,608","Interventions that improved sleep had a medium effect on composite mental health (g = −0.53), with a dose–response relationship.","Mixed populations and sleep interventions, mostly not app-based or student-specific.",yes
15,"Freeman, D., Sheaves, B., Goodwin, G. M., Yu, L.-M., Nickless, A., Harrison, P. J., Emsley, R., Luik, A. I., Foster, R. G., Wadekar, V., Hinds, C., Gumley, A., Jones, R., Lightman, S., Jones, S., Bentall, R., Kinderman, P., Rowse, G., Brugha, T., . . . Espie, C. A.",2017,The effects of improving sleep on mental health (OASIS): A randomised controlled trial with mediation analysis,The Lancet Psychiatry,"4(10), 749–758",10.1016/S2215-0366(17)30328-0,https://doi.org/10.1016/S2215-0366(17)30328-0,yes,Freeman_2017_OASISSleepRCT.pdf,c. Sleep and activity as early indicators,"RCT at 26 UK universities; 3,755 students with insomnia, digital CBT for insomnia vs usual care",Digital CBT-I reduced insomnia strongly (d = 1.11) and also reduced depression (d = 0.48) and anxiety (d = 0.33) at 10 weeks.,Students with insomnia only; online self-report; dropout higher than planned (authors increased the sample).,yes
16,"Wang, R., Chen, F., Chen, Z., Li, T., Harari, G., Tignor, S., Zhou, X., Ben-Zeev, D., & Campbell, A. T.",2014,"StudentLife: Assessing mental health, academic performance and behavioral trends of college students using smartphones",Proceedings of the 2014 ACM International Joint Conference on Pervasive and Ubiquitous Computing (UbiComp '14),3–14,10.1145/2632048.2632054,https://doi.org/10.1145/2632048.2632054,yes,"Wang_2014_StudentLife.pdf (open access, not downloaded: see NOTES.md)",d. Passive sensing and daily check-ins,"Observational; 48 undergraduates, one 10-week term, continuous phone sensing plus about 8 EMA prompts per day",Phone-sensed sleep duration (r = −0.36) and daytime conversation frequency (r = −0.40) correlated with depressive symptoms (PHQ-9) at the start of term.,48 students in one class at one US college; correlational; engagement and data quality fell over the term (authors).,yes
17,"Rohani, D. A., Faurholt-Jepsen, M., Kessing, L. V., & Bardram, J. E.",2018,Correlations between objective behavioral features collected from mobile and wearable devices and depressive mood symptoms in patients with affective disorders: Systematic review,JMIR mHealth and uHealth,"6(8), e165",10.2196/mhealth.9691,https://doi.org/10.2196/mhealth.9691,yes,Rohani_2018_SensingDepressionReview.pdf,d. Passive sensing and daily check-ins,"Systematic review; 46 studies, 85 behavioural features from 17 sensor types","Time at home, sleep duration and vigorous activity correlated consistently with mood across studies, while other features (texting, screen use) pointed in contradictory directions.","Patients with affective disorders, not students; no standardisation of features, mood measures or statistics (authors).",yes
18,"Müller, S. R., Chen, X. L., Peters, H., Chaintreau, A., & Matz, S. C.",2021,Depression predictions from GPS-based mobility do not generalize well to large demographically heterogeneous samples,Scientific Reports,"11, 14007",10.1038/s41598-021-93087-x,https://doi.org/10.1038/s41598-021-93087-x,yes,Muller_2021_GPSDepressionGeneralize.pdf,d. Passive sensing and daily check-ins,"Secondary analysis; student sample N = 57 vs US-wide sample N = 5,262",A GPS-based depression model that looked accurate in a small student sample (AUC 0.82) was only slightly better than chance in a large mixed sample (AUC 0.57).,GPS mobility features only; US data.,yes
19,"Adler, D. A., Wang, F., Mohr, D. C., & Choudhury, T.",2022,Machine learning for passive mental health symptom prediction: Generalization across different longitudinal mobile sensing studies,PLOS ONE,"17(4), e0266516",10.1371/journal.pone.0266516,https://doi.org/10.1371/journal.pone.0266516,yes,Adler_2022_PassiveSensingGeneralization.pdf,d. Passive sensing and daily check-ins,Secondary analysis combining StudentLife (students) and CrossCheck (schizophrenia) sensing data,"Models trained on combined datasets were more often predictive than single-study models, but personalisation helped only one outcome and boosting sensitivity cost specificity.",Two public datasets; only sleep quality and stress outcomes were comparable.,yes
20,"Wrzus, C., & Neubauer, A. B.",2023,"Ecological momentary assessment: A meta-analysis on designs, samples, and compliance across research fields",Assessment,"30(3), 825–846",10.1177/10731911211067538,https://doi.org/10.1177/10731911211067538,yes,Wrzus_2023_EMACompliance.pdf,d. Passive sensing and daily check-ins,"Meta-analysis; 477 articles, 496 samples, N = 677,536","EMA studies averaged six prompts a day over seven days with 79% compliance; the number of prompts did not predict compliance, while financial incentives raised it.","Research studies of about a week, often paid; not real-world app use over a semester.",yes
21,"Harrer, M., Adam, S. H., Baumeister, H., Cuijpers, P., Karyotaki, E., Auerbach, R. P., Kessler, R. C., Bruffaerts, R., Berking, M., & Ebert, D. D.",2019,Internet interventions for mental health in university students: A systematic review and meta-analysis,International Journal of Methods in Psychiatric Research,"28(2), e1759",10.1002/mpr.1759,https://doi.org/10.1002/mpr.1759,yes,Harrer_2019_InternetInterventionsStudents.pdf,e. Brief digital self-help and exercises,Meta-analysis of 48 RCTs in university students,"Effects were small for depression (g = 0.18) and stress (g = 0.20); anxiety (g = 0.27) lost significance after adjusting for publication bias, and well-being was not significant (g = 0.15).",Only 48% of studies at low risk of bias; moderate-to-substantial heterogeneity (authors).,yes
22,"Linardon, J., Torous, J., Firth, J., Cuijpers, P., Messer, M., & Fuller-Tyszkiewicz, M.",2024,Current evidence on the efficacy of mental health smartphone apps for symptoms of depression and anxiety. A meta-analysis of 176 randomized controlled trials,World Psychiatry,"23(1), 139–149",10.1002/wps.21183,https://doi.org/10.1002/wps.21183,yes,Linardon_2024_AppsMeta176RCTs.pdf,e. Brief digital self-help and exercises,Meta-analysis of 176 RCTs,"Apps had small but significant effects on depression (g = 0.28, NNT 11.5) and generalised anxiety (g = 0.26, NNT 12.4), larger when they included CBT elements or, for anxiety, mood monitoring.","Mixed populations; many secondary outcomes based on small, high-risk-of-bias trials (authors).",yes
23,"Lattie, E. G., Adkins, E. C., Winquist, N., Stiles-Shields, C., Wafford, Q. E., & Graham, A. K.",2019,"Digital mental health interventions for depression, anxiety, and enhancement of psychological well-being among college students: Systematic review",Journal of Medical Internet Research,"21(7), e12869",10.2196/12869,https://doi.org/10.2196/12869,yes,Lattie_2019_DigitalInterventionsCollege.pdf,e. Brief digital self-help and exercises,Systematic review; 89 studies in college students,"47% of programmes were effective and 34% partially effective, but half of the studies reported no usability or acceptability data and only 4% examined campus-wide implementation.",Moderate-to-severe risk of bias in many studies; mostly web-based programmes (80%) (authors).,yes
24,"Weisel, K. K., Fuhrmann, L. M., Berking, M., Baumeister, H., Cuijpers, P., & Ebert, D. D.",2019,Standalone smartphone apps for mental health—A systematic review and meta-analysis,npj Digital Medicine,"2, 118",10.1038/s41746-019-0188-8,https://doi.org/10.1038/s41746-019-0188-8,yes,Weisel_2019_StandaloneApps.pdf,e. Brief digital self-help and exercises,"Meta-analysis; 19 RCTs, 3,681 adults with elevated symptoms","Standalone apps improved depression (g = 0.33) but showed no significant pooled effect on anxiety, and the authors concluded standalone apps cannot yet be recommended.",Few trials per outcome; heterogeneity (I² = 59% for depression).,yes
25,"Fincham, G. W., Strauss, C., Montero-Marin, J., & Cavanagh, K.",2023,Effect of breathwork on stress and mental health: A meta-analysis of randomised-controlled trials,Scientific Reports,"13, 432",10.1038/s41598-022-27247-y,https://doi.org/10.1038/s41598-022-27247-y,yes,Fincham_2023_BreathworkMeta.pdf,e. Brief digital self-help and exercises,"Meta-analysis; 12 RCTs (785 adults) for stress, 20 for anxiety, 18 for depression","Breathwork was associated with lower self-reported stress than controls (g = −0.35, small-to-medium).",Most trials at moderate risk of bias; authors caution against overstating benefits.,yes
26,"Jabs, M., Thompson, M., Linardon, J., Messer, M., & Wade, T. D.",2026,"Assessing the effectiveness, adherence and attrition of smartphone-based mental health interventions in university students: A systematic review and meta-analysis",Early Intervention in Psychiatry,"20(8), e70207",10.1111/eip.70207,https://doi.org/10.1111/eip.70207,yes,Jabs_2026_AppsUniversityStudents.pdf,e. Brief digital self-help and exercises,Multilevel meta-analysis; 122 studies of app-based interventions in university students,"Apps had small effects on anxiety (d = 0.22), depression (d = 0.25) and stress (d = 0.28) and a moderate effect on well-being (d = 0.47), with 17% attrition and 70% adherence.",Substantial heterogeneity; inconsistent engagement reporting (authors).,yes
27,"Huckvale, K., Torous, J., & Larsen, M. E.",2019,Assessment of the data sharing and privacy practices of smartphone apps for depression and smoking cessation,JAMA Network Open,"2(4), e192542",10.1001/jamanetworkopen.2019.2542,https://doi.org/10.1001/jamanetworkopen.2019.2542,yes,Huckvale_2019_AppDataSharing.pdf,"f. Privacy, on-device processing and trust","Cross-sectional technical audit of 36 top-ranked depression and smoking-cessation apps (US, Australia)","33 of 36 apps (92%) transmitted data to third parties and 29 (81%) sent data to Google or Facebook, often without disclosing it.",Snapshot from 2018; 36 apps in two countries.,yes
28,"Iwaya, L. H., Babar, M. A., Rashid, A., & Wijayarathna, C.",2023,On the privacy of mental health apps: An empirical investigation and its implications for app development,Empirical Software Engineering,"28(1), 2",10.1007/s10664-022-10236-0,https://doi.org/10.1007/s10664-022-10236-0,yes,Iwaya_2023_MentalHealthAppPrivacy.pdf,"f. Privacy, on-device processing and trust",Static and dynamic privacy analysis of 27 top-ranked Android mental health apps,"The apps showed unnecessary permissions, weak cryptography, leaks of personal data in logs and web requests, and third-party sharing.",Android only; one point in time.,yes
29,"Melcher, J., & Torous, J.",2020,Smartphone apps for college mental health: A concern for privacy and quality of current offerings,Psychiatric Services,"71(11), 1114–1119",10.1176/appi.ps.202000098,https://doi.org/10.1176/appi.ps.202000098,no,"paywalled, not downloaded","f. Privacy, on-device processing and trust",Review of apps recommended on 60 US college counselling-centre websites (218 unique apps),"Of the apps still available, 39% had no privacy policy, 49% of those with a policy shared data with third parties, and only 16% had published efficacy studies.",US counselling centres only; app landscape changes quickly.,yes
30,"Roque, N., & Felt, J.",2025,Acceptability of active and passive data collection methods for mobile health research: Cross-sectional survey of an online adult sample in the United States,JMIR Formative Research,"9, e64082",10.2196/64082,https://doi.org/10.2196/64082,yes,Roque_2025_PassiveDataAcceptability.pdf,"f. Privacy, on-device processing and trust","Online survey; N = 1,489 US adults (Prolific)","People were least willing to share data with high re-identification potential such as GPS, and 71% wanted the ability to delete all their data.","Online panel, US adults (mean age 35.5), research context rather than a wellbeing app.",yes
31,"Baumel, A., Muench, F., Edan, S., & Kane, J. M.",2019,Objective user engagement with mental health apps: Systematic search and panel-based usage analysis,Journal of Medical Internet Research,"21(9), e14567",10.2196/14567,https://doi.org/10.2196/14567,yes,Baumel_2019_AppEngagement.pdf,g. Risks and criticism,"Real-world usage panel data for 93 Android mental health apps (≥ 10,000 installs)","Median retention was 3.9% at day 15 and 3.3% at day 30, and breathing-exercise apps had a median 30-day retention of 0%.",Android only; aggregated panel data; no outcome data.,yes
32,"Liu, C., Torous, J., Fuller-Tyszkiewicz, M., Messer, M., Anderson, C., Soliman, O. M., & Linardon, J.",2026,"Uptake, adherence, and attrition in clinical trials of depression and anxiety apps: A systematic review and meta-analysis",JAMA Psychiatry,"83(1), 43–50",10.1001/jamapsychiatry.2025.3439,https://doi.org/10.1001/jamapsychiatry.2025.3439,no,"paywalled, not downloaded",g. Risks and criticism,Meta-analysis of 79 RCTs (92 app conditions),"Even in trials, adherence was 61.8% and attrition 18.6% at post-test and 28.4% at follow-up; attrition was lower with reminders and human contact.",Trial settings overstate real-world engagement; wide prediction intervals.,yes
33,"Borghouts, J., Eikey, E., Mark, G., De Leon, C., Schueller, S. M., Schneider, M., Stadnick, N., Zheng, K., Mukamel, D., & Sorkin, D. H.",2021,Barriers to and facilitators of user engagement with digital mental health interventions: Systematic review,Journal of Medical Internet Research,"23(3), e24387",10.2196/24387,https://doi.org/10.2196/24387,yes,Borghouts_2021_EngagementBarriers.pdf,g. Risks and criticism,Systematic review of 208 articles,"Common barriers to engagement were severe mental health problems, technical issues and lack of personalisation; facilitators included insight into one's health and a sense of control.",Heterogeneous methods; mostly descriptive.,yes
34,"Astill Wright, L., Monk-Cunliffe, J., Guo, B., & Morriss, R.",2025,Adverse events of mood monitoring and ambulatory assessment in depression and bipolar disorder: Systematic review and meta-analysis,JMIR Mental Health,"12, e79500",10.2196/79500,https://doi.org/10.2196/79500,yes,AstillWright_2025_MoodMonitoringAdverseEvents.pdf,g. Risks and criticism,Systematic review and meta-analysis of 77 mood-monitoring studies,"Only 19% of studies reported adverse events; pooled prevalence was 4%, including increased burden or stress (4%) and mood worsening (2%).","Severe under-reporting, heterogeneity and publication bias; causality could not be inferred (authors); clinical populations.",yes
35,"Munir, S., Dallison, S., Padley, H., Fung, H. M., Perry, G., Hall, C. L., & Loades, M. E.",2026,How have contemporary studies evaluating self-help digital mental health interventions for young people monitored and reported on adverse events and harms?: A systematic scoping review,Frontiers in Psychology,"17, 1679968",10.3389/fpsyg.2026.1679968,https://doi.org/10.3389/fpsyg.2026.1679968,yes,Munir_2026_HarmsReportingYouthDMHI.pdf,g. Risks and criticism,Scoping review of 37 studies of self-guided digital interventions for young people (2019–2024),"Only 12 of 37 studies (32.4%) described how they assessed adverse events, leaving a gap in safety monitoring of self-help tools for young people.","Scoping review; describes reporting practice, not harm rates.",yes
